danceability;energy;loudness;speechiness;acousticness;instrumentalness;liveness;valence;tempo;duration_ms
0.53;0.422;-6.262;0.0342;0.407;0.0;0.107;0.349;119.964;221360.0
0.6066666666666667;0.6443333333333333;-4.618666666666667;0.033933333333333336;0.048940000000000004;3.8333333333333334e-05;0.09316666666666666;0.38033333333333336;103.01333333333334;194817.66666666666
0.699;0.805;-5.535;0.0345;0.00161;0.00177;0.249;0.232;109.976;223280.0
0.327;0.588;-6.611;0.0336;0.0834;0.0;0.104;0.329;161.074;236067.0
0.7316666666666666;0.6773333333333333;-4.187333333333334;0.05959999999999999;0.04556666666666667;3.4333333333333332e-06;0.04683333333333334;0.629;121.32933333333331;190081.0
