danceability;energy;loudness;speechiness;acousticness;instrumentalness;liveness;valence;tempo;duration_ms
0.6681275;0.730795;-6.48315;0.06607125;0.13186897532500003;0.0347086731;0.15880875;0.65594;113.20242;238577.2175
0.3961147540983606;0.6963606557377051;-9.168508196721312;0.09280163934426229;0.27168398524590165;0.11109822983606558;0.7903442622950819;0.35195573770491806;121.2030655737705;266726.34426229505
0.5609693251533743;0.33699754601226994;-13.65557055214724;0.05667668711656441;0.6863484662576687;0.23972273404907976;0.16126134969325154;0.5119343558282209;111.94368711656442;195616.54601226994
0.4582605863192182;0.8233583061889251;-5.978771986970685;0.08404560260586319;0.05349294182410423;0.15421793400651465;0.18896286644951138;0.39298794788273617;142.83619869706843;244505.6970684039
0.19672857142857142;0.1525744642857143;-20.53023214285714;0.041275;0.8724375;0.6588602428571428;0.15161428571428573;0.10053214285714285;92.11253571428571;476834.6964285714
0.6974038461538462;0.6783298076923077;-7.1871634615384625;0.3388653846153847;0.21077008653846155;0.03527958721153846;0.2671836538461539;0.5669067307692307;113.68223076923078;225784.07692307694
